,player_name,player_age,player_position,market_value,from_club,to_club,transfer_fee,transfer_season,remaining_contract_length,nation,90s,sh/90,sot/90,league,sca90,gca90,gls/90,npxg/90,sca_passlive/90,sca_passdead/90,sca_to/90,gca_passlive/90,gca_passdead/90,gca_to/90,total_cmp/90,prgdist_passing/90,ast/90,xa/90,kp/90,1/3_passing/90,ppa/90,prgp/90,touches_att_3rd/90,touches_att_pen/90,carries/90,prgdist_possesion/90,1/3_possesion/90,cpa/90,takeons_succ/90,takeons_tkld/90,prgr/90
0,kai havertz,24,CF,55000000.0,CHE,ARS,75000000.0,23/24,24,GER,28.5,2.45,1.09,premier-league,2.21,0.14,0.24561403508771928,0.37894736842105264,1.894736842105263,0.07017543859649122,0.03508771929824561,0.10526315789473684,0.0,0.0,25.50877192982456,66.03508771929825,0.03508771929824561,0.09824561403508772,1.3333333333333333,1.719298245614035,0.9122807017543859,3.1228070175438596,22.45614035087719,5.7894736842105265,25.54385964912281,52.03508771929825,1.1578947368421053,1.0526315789473684,0.631578947368421,1.3333333333333333,7.649122807017544
1,folarin balogun,22,CF,30000000.0,ARS,AS Monaco,30000000.0,23/24,22,USA,33.3,3.63,1.5,ligue-1,2.4,0.3,0.6306306306306307,0.6306306306306307,1.5015015015015016,0.030030030030030033,0.3303303303303304,0.12012012012012013,0.0,0.060060060060060066,12.252252252252253,35.70570570570571,0.060060060060060066,0.0990990990990991,1.0810810810810811,0.8408408408408409,0.5705705705705706,1.6516516516516517,15.765765765765767,5.9459459459459465,22.282282282282285,50.96096096096097,0.8108108108108109,1.3513513513513515,1.0510510510510511,1.3213213213213215,8.498498498498499
2,moussa diaby,24,RW,50000000.0,Bayer 04 Leverkusen,AVL,55000000.0,23/24,47,FRA,30.0,2.63,1.13,bundesliga,3.67,0.53,0.3,0.3433333333333334,2.466666666666667,0.16666666666666666,0.4666666666666667,0.3333333333333333,0.0,0.13333333333333333,24.7,88.86666666666666,0.26666666666666666,0.23333333333333334,1.9333333333333333,1.5333333333333334,1.7333333333333334,3.466666666666667,22.2,4.633333333333334,28.3,105.93333333333334,2.433333333333333,1.8333333333333333,1.7,1.5,8.6
3,cameron archer,21,CF,12000000.0,AVL,SHU,21550000.0,23/24,34,ENG,0.5,0.0,0.0,premier-league,0.0,0.0,0.0,0.0,0.0,0.0,0.0,0.0,0.0,0.0,16.0,88.0,0.0,0.0,0.0,4.0,0.0,0.0,14.0,6.0,30.0,144.0,2.0,2.0,2.0,0.0,6.0
4,ben hamed toure,23,LW,22000000.0,US Sassuolo,BOU,25620000.0,23/24,34,CIV,2.3,0.86,0.0,ligue-1,0.43,0.0,0.0,0.04347826086956522,0.4347826086956522,0.0,0.0,0.0,0.0,0.0,12.173913043478262,23.91304347826087,0.0,0.0,0.0,0.4347826086956522,0.0,0.4347826086956522,8.260869565217392,0.0,15.65217391304348,34.34782608695652,0.8695652173913044,0.0,1.3043478260869565,0.4347826086956522,3.4782608695652177
5,kevin schade,21,LW,25000000.0,SC Freiburg,BRE,25000000.0,23/24,36,GER,2.0,1.98,0.49,bundesliga,0.49,0.0,0.5,0.1,0.0,0.0,0.0,0.0,0.0,0.0,13.0,42.0,0.0,0.25,0.0,2.5,0.5,1.5,26.0,6.5,24.0,64.5,1.5,2.5,1.5,4.0,10.0
6,kevin schade,21,LW,25000000.0,SC Freiburg,BRE,25000000.0,23/24,36,GER,8.1,1.48,0.49,premier-league,3.32,0.49,0.0,0.2592592592592593,1.8518518518518519,0.0,0.7407407407407408,0.3703703703703704,0.0,0.1234567901234568,12.71604938271605,35.18518518518518,0.1234567901234568,0.09876543209876544,0.9876543209876544,0.9876543209876544,0.617283950617284,1.8518518518518519,20.37037037037037,5.9259259259259265,18.14814814814815,61.851851851851855,1.4814814814814816,1.8518518518518519,1.4814814814814816,2.2222222222222223,7.037037037037037
7,halil dervisoglu,23,CF,2000000.0,BRE,Galatasaray,500000.0,23/24,24,TUR,0.1,11.25,0.0,premier-league,11.25,11.25,0.0,0.0,0.0,0.0,0.0,0.0,0.0,0.0,0.0,0.0,0.0,0.0,0.0,0.0,0.0,0.0,10.0,0.0,20.0,0.0,0.0,10.0,0.0,0.0,0.0
8,sergi canos,26,LW,9000000.0,BRE,Valencia CF,250000.0,23/24,22,ESP,0.9,1.17,0.0,premier-league,3.51,0.0,0.0,0.11111111111111112,2.2222222222222223,0.0,0.0,0.0,0.0,0.0,25.555555555555554,84.44444444444444,0.0,0.0,1.1111111111111112,2.2222222222222223,1.1111111111111112,2.2222222222222223,22.22222222222222,2.2222222222222223,32.22222222222222,123.33333333333333,2.2222222222222223,0.0,4.444444444444445,2.2222222222222223,7.777777777777778
9,christopher nkunku,25,CF,80000000.0,RB Leipzig,CHE,60000000.0,23/24,46,FRA,21.1,3.32,1.19,bundesliga,4.65,0.66,0.7582938388625592,0.5355450236966824,2.9383886255924168,0.14218009478672985,0.7582938388625592,0.33175355450236965,0.0,0.14218009478672985,23.554502369668246,87.77251184834122,0.1895734597156398,0.21800947867298576,1.848341232227488,1.6587677725118481,1.3270142180094786,3.3649289099526065,21.232227488151658,6.0663507109004735,27.86729857819905,58.05687203791469,1.0900473933649288,1.0900473933649288,1.8009478672985781,1.2796208530805686,8.34123222748815
10,nicolas jackson,22,CF,30000000.0,Villarreal CF,CHE,37000000.0,23/24,94,SEN,17.8,2.31,1.3,la-liga,2.65,0.79,0.6741573033707865,0.4382022471910112,1.7415730337078652,0.056179775280898875,0.449438202247191,0.2247191011235955,0.0,0.3932584269662921,13.820224719101123,39.8876404494382,0.2247191011235955,0.11235955056179775,1.1797752808988764,1.4044943820224718,0.5056179775280899,2.2471910112359548,16.29213483146067,5.224719101123595,19.49438202247191,69.15730337078651,1.4606741573033708,1.0674157303370786,1.2921348314606742,0.6179775280898876,6.573033707865168
11,christian pulisic,24,RW,25000000.0,CHE,AC Milan,20800000.0,23/24,11,USA,9.1,2.08,0.66,premier-league,2.63,0.33,0.10989010989010989,0.18681318681318682,2.307692307692308,0.0,0.0,0.32967032967032966,0.0,0.0,26.153846153846153,61.0989010989011,0.10989010989010989,0.04395604395604396,1.3186813186813187,1.5384615384615385,0.32967032967032966,2.5274725274725274,23.736263736263737,4.725274725274725,32.85714285714286,114.72527472527473,3.296703296703297,1.5384615384615385,1.4285714285714286,2.417582417582418,8.351648351648352
12,callum hudson odoi,22,LW,15000000.0,CHE,NFO,3500000.0,23/24,10,ENG,6.7,0.6,0.15,bundesliga,3.86,0.3,0.0,0.029850746268656716,2.835820895522388,0.5970149253731343,0.14925373134328357,0.29850746268656714,0.0,0.0,30.746268656716417,116.71641791044776,0.14925373134328357,0.13432835820895522,1.9402985074626866,2.6865671641791042,1.044776119402985,4.626865671641791,17.46268656716418,1.4925373134328357,28.80597014925373,133.28358208955223,3.432835820895522,0.8955223880597015,2.08955223880597,1.4925373134328357,6.567164179104477
13,beto,25,CF,25000000.0,Udinese Calcio,EVE,25000000.0,23/24,34,GNB,23.7,2.54,0.85,serie-a,2.07,0.17,0.4219409282700422,0.42616033755274263,1.3080168776371308,0.0,0.33755274261603374,0.12658227848101267,0.0,0.04219409282700422,8.016877637130802,12.447257383966246,0.04219409282700422,0.08016877637130801,0.9704641350210971,0.379746835443038,0.16877637130801687,0.5485232067510548,14.177215189873419,5.485232067510549,15.358649789029537,25.06329113924051,0.6329113924050633,0.5907172995780591,1.350210970464135,1.6877637130801688,5.105485232067511
14,moise kean,23,CF,18000000.0,EVE,Juventus FC,30000000.0,23/24,12,ITA,11.1,3.44,1.27,serie-a,2.8,0.18,0.5405405405405406,0.5675675675675675,1.8918918918918919,0.0,0.3603603603603604,0.1801801801801802,0.0,0.0,11.711711711711713,30.36036036036036,0.0,0.05405405405405406,0.7207207207207208,0.6306306306306306,0.5405405405405406,1.1711711711711712,14.864864864864865,5.135135135135135,19.81981981981982,60.090090090090094,1.3513513513513513,1.8018018018018018,1.2612612612612613,2.0720720720720722,6.846846846846847
15,alex iwobi,27,LW,28000000.0,EVE,FUL,25700000.0,23/24,10,NGA,37.5,1.12,0.4,premier-league,3.2,0.24,0.05333333333333334,0.06666666666666667,2.4266666666666667,0.24,0.21333333333333335,0.21333333333333335,0.0,0.0,30.773333333333333,175.2,0.18666666666666668,0.11466666666666667,1.7066666666666668,3.5733333333333333,1.68,5.173333333333333,18.906666666666666,1.5733333333333333,31.173333333333332,91.57333333333334,2.1066666666666665,0.4,1.4666666666666666,1.3333333333333333,3.8666666666666667
16,demarai gray,27,LW,20000000.0,EVE,Al-Ettifaq FC,9300000.0,23/24,24,JAM,27.9,2.05,0.79,premier-league,3.44,0.18,0.14336917562724016,0.16845878136200718,1.4695340501792116,0.8960573476702509,0.21505376344086022,0.10752688172043011,0.07168458781362008,0.0,20.752688172043012,79.39068100358423,0.03584229390681004,0.13620071684587814,1.3261648745519714,1.0752688172043012,0.6451612903225806,1.6487455197132617,23.369175627240146,3.727598566308244,25.806451612903228,88.35125448028674,2.2222222222222223,1.7204301075268817,1.2903225806451613,1.5053763440860215,7.132616487455198
17,ellis simms,22,CF,4000000.0,EVE,Coventry City,7000000.0,23/24,12,ENG,2.5,3.16,0.39,premier-league,2.37,0.79,0.4,0.36,1.6,0.0,0.4,0.4,0.0,0.4,15.2,42.0,0.0,0.16,0.8,1.2,0.4,1.6,18.8,4.4,14.8,22.0,0.8,0.8,0.8,0.0,7.6
18,raul jimenez,32,CF,6000000.0,WOL,FUL,6400000.0,23/24,11,MEX,9.4,2.13,0.96,premier-league,1.92,0.21,0.0,0.2765957446808511,1.276595744680851,0.0,0.10638297872340426,0.10638297872340426,0.0,0.0,14.893617021276595,37.12765957446808,0.10638297872340426,0.06382978723404255,0.851063829787234,0.851063829787234,0.7446808510638298,1.4893617021276595,13.51063829787234,4.680851063829787,15.53191489361702,25.638297872340424,0.3191489361702127,0.2127659574468085,0.5319148936170213,0.425531914893617,4.787234042553191
19,aleksandar mitrovic,28,CF,28000000.0,FUL,Al-Hilal SFC,52600000.0,23/24,10,SRB,22.3,3.81,1.21,premier-league,2.47,0.45,0.6278026905829596,0.3856502242152466,1.1659192825112108,0.0,0.40358744394618834,0.13452914798206278,0.0,0.04484304932735426,13.408071748878923,43.497757847533634,0.04484304932735426,0.05829596412556054,0.7174887892376681,1.1659192825112108,0.44843049327354256,1.9730941704035874,15.650224215246636,6.457399103139013,20.22421524663677,32.062780269058294,0.6726457399103138,0.44843049327354256,1.0313901345291479,0.9865470852017937,4.349775784753363
20,jeremy doku,21,LW,28000000.0,Stade Rennais FC,MCI,60000000.0,23/24,22,BEL,14.3,1.81,0.84,ligue-1,5.65,0.7,0.4195804195804196,0.1888111888111888,3.6363636363636362,0.06993006993006992,1.5384615384615383,0.06993006993006992,0.0,0.4895104895104895,30.279720279720276,101.74825174825175,0.13986013986013984,0.2797202797202797,2.097902097902098,1.8881118881118881,2.4475524475524475,4.965034965034965,29.3006993006993,6.223776223776223,44.96503496503496,210.48951048951048,4.895104895104895,3.2867132867132867,6.713286713286713,3.4265734265734262,10.909090909090908
21,riyad mahrez,32,RW,20000000.0,MCI,Al-Ahli SFC,35000000.0,23/24,23,ALG,21.3,1.97,0.56,premier-league,5.44,0.98,0.2347417840375587,0.22535211267605632,3.4741784037558685,0.7981220657276995,0.32863849765258213,0.6103286384976525,0.09389671361502347,0.09389671361502347,44.97652582159624,129.2018779342723,0.4694835680751174,0.2488262910798122,2.44131455399061,1.6901408450704225,1.7370892018779343,3.568075117370892,37.65258215962441,5.164319248826291,43.84976525821596,110.8450704225352,2.2065727699530515,2.112676056338028,1.1737089201877935,1.2676056338028168,11.36150234741784
22,rasmus hojlund,20,CF,45000000.0,Atalanta BC,MUN,77800000.0,23/24,46,DEN,20.4,2.65,1.37,serie-a,2.75,0.25,0.44117647058823534,0.46568627450980393,1.8137254901960786,0.0,0.3431372549019608,0.14705882352941177,0.0,0.0,15.588235294117649,28.137254901960787,0.09803921568627452,0.08823529411764706,1.1764705882352942,1.1274509803921569,0.5392156862745099,1.8137254901960786,21.47058823529412,6.519607843137256,22.30392156862745,41.911764705882355,1.2745098039215688,1.519607843137255,1.3725490196078431,1.519607843137255,10.980392156862745
23,anthony elanga,21,RW,18000000.0,MUN,NFO,22930000.0,23/24,35,SWE,4.7,2.11,0.85,premier-league,3.59,0.21,0.0,0.14893617021276595,2.7659574468085104,0.0,0.0,0.2127659574468085,0.0,0.0,20.21276595744681,63.40425531914893,0.2127659574468085,0.2127659574468085,1.276595744680851,0.6382978723404255,0.6382978723404255,1.702127659574468,21.27659574468085,5.957446808510638,23.19148936170213,58.723404255319146,0.6382978723404255,1.4893617021276595,1.0638297872340425,1.4893617021276595,5.957446808510638
24,harvey barnes,25,LW,35000000.0,LEI,NEW,44000000.0,23/24,23,ENG,30.1,2.39,1.13,premier-league,2.09,0.46,0.4318936877076412,0.2956810631229236,1.4285714285714286,0.0,0.09966777408637874,0.26578073089700993,0.0,0.03322259136212624,18.239202657807308,66.578073089701,0.03322259136212624,0.07308970099667775,0.6312292358803986,1.2956810631229236,1.0299003322259135,2.6245847176079735,19.933554817275745,4.4186046511627906,24.385382059800662,91.32890365448505,2.3920265780730894,1.5946843853820598,0.8970099667774086,1.760797342192691,8.538205980066445
25,allan saint maximin,26,LW,32000000.0,NEW,Al-Ahli SFC,27200000.0,23/24,11,FRA,12.4,2.25,0.88,premier-league,5.22,0.8,0.08064516129032258,0.12903225806451613,3.9516129032258065,0.0,0.8064516129032258,0.564516129032258,0.0,0.16129032258064516,25.483870967741936,128.9516129032258,0.4032258064516129,0.2258064516129032,2.5,1.8548387096774193,2.82258064516129,5.564516129032258,28.064516129032256,6.209677419354839,35.08064516129032,202.5806451612903,4.112903225806451,3.3064516129032255,4.596774193548387,2.661290322580645,8.951612903225806
26,chris wood,31,CF,8000000.0,NEW,NFO,17000000.0,23/24,12,NZL,5.0,1.61,0.61,premier-league,1.01,0.0,0.4,0.2,0.8,0.0,0.0,0.0,0.0,0.0,13.2,29.8,0.0,0.06,0.6,0.6,0.2,0.8,12.0,3.2,10.4,12.4,0.2,0.0,0.2,0.0,4.6
27,chris wood,31,CF,8000000.0,NEW,NFO,17000000.0,23/24,12,NZL,4.1,0.73,0.24,premier-league,1.45,0.0,0.24390243902439027,0.24390243902439027,0.9756097560975611,0.0,0.0,0.0,0.0,0.0,10.487804878048781,33.90243902439025,0.0,0.02439024390243903,0.7317073170731708,1.2195121951219514,0.48780487804878053,1.707317073170732,7.560975609756098,1.9512195121951221,12.195121951219512,17.073170731707318,0.48780487804878053,0.0,0.0,0.48780487804878053,2.9268292682926833
28,brennan johnson,22,RW,38000000.0,NFO,TOT,55000000.0,23/24,34,WAL,32.6,1.6,0.74,premier-league,1.69,0.34,0.24539877300613497,0.19018404907975459,1.1042944785276072,0.0,0.18404907975460122,0.15337423312883436,0.0,0.03067484662576687,8.92638036809816,24.8159509202454,0.09202453987730061,0.05828220858895705,0.8588957055214723,0.36809815950920244,0.5521472392638036,0.920245398773006,13.31288343558282,3.558282208588957,13.803680981595091,64.75460122699386,1.411042944785276,1.2883435582822085,1.0122699386503067,1.2576687116564416,4.754601226993865
29,sam surridge,24,CF,5000000.0,NFO,Nashville SC,5800000.0,23/24,11,ENG,3.6,2.51,0.56,premier-league,1.11,0.28,0.2777777777777778,0.5,0.8333333333333333,0.0,0.0,0.2777777777777778,0.0,0.0,11.11111111111111,46.666666666666664,0.0,0.0,0.2777777777777778,1.1111111111111112,0.0,1.6666666666666665,16.38888888888889,4.166666666666667,19.72222222222222,38.888888888888886,1.3888888888888888,0.2777777777777778,0.5555555555555556,0.5555555555555556,4.722222222222222
30,harry kane,30,CF,90000000.0,TOT,Bayern Munich,95000000.0,23/24,0,ENG,37.8,3.28,1.43,premier-league,3.46,0.48,0.7936507936507937,0.4417989417989418,2.354497354497355,0.052910052910052914,0.34391534391534395,0.2645502645502646,0.0,0.052910052910052914,16.984126984126984,114.94708994708995,0.07936507936507937,0.10582010582010583,1.5079365079365081,2.6455026455026456,1.2433862433862435,4.761904761904762,15.846560846560848,4.417989417989419,22.063492063492067,48.730158730158735,1.3227513227513228,0.5555555555555556,1.0582010582010584,1.4021164021164023,5.105820105820106
31,gianluca scamacca,24,CF,22000000.0,WHU,Atalanta BC,28000000.0,23/24,47,ITA,10.3,2.92,0.97,premier-league,2.33,0.1,0.2912621359223301,0.24271844660194172,1.9417475728155338,0.0,0.0970873786407767,0.0970873786407767,0.0,0.0,11.456310679611649,36.69902912621359,0.0,0.04854368932038835,1.262135922330097,1.3592233009708736,0.48543689320388345,1.6504854368932038,12.33009708737864,3.6893203883495143,13.883495145631066,27.378640776699026,0.6796116504854368,0.2912621359223301,0.6796116504854368,0.5825242718446602,4.660194174757281
32,eddie nketiah,25,CF,30000000.0,ARS,CRY,29700000.0,24/25,34,ENG,12.0,3.16,1.0,premier-league,2.33,0.67,0.4166666666666667,0.375,1.4166666666666667,0.0,0.25,0.25,0.0,0.08333333333333333,14.0,22.25,0.16666666666666666,0.05833333333333333,0.75,0.5833333333333334,0.4166666666666667,1.6666666666666667,17.25,6.25,19.666666666666668,41.416666666666664,1.0,0.9166666666666666,0.6666666666666666,1.25,6.416666666666667
33,donyell malen,25,RW,28000000.0,Borussia Dortmund,AVL,25000000.0,24/25,17,NED,19.8,3.64,1.82,bundesliga,3.74,0.71,0.6565656565656566,0.4797979797979798,2.4747474747474745,0.0,0.35353535353535354,0.30303030303030304,0.0,0.10101010101010101,20.707070707070706,78.33333333333333,0.050505050505050504,0.1717171717171717,1.1111111111111112,1.0606060606060606,1.8181818181818181,2.878787878787879,23.98989898989899,5.959595959595959,28.232323232323232,98.83838383838383,2.4747474747474745,2.2727272727272725,2.121212121212121,2.0202020202020203,8.232323232323232
34,cameron archer,22,CF,13000000.0,SHU,AVL,16649999.999999998,24/25,34,ENG,20.4,2.06,0.44,premier-league,2.41,0.2,0.19607843137254904,0.26960784313725494,1.5686274509803924,0.0,0.44117647058823534,0.09803921568627452,0.0,0.04901960784313726,13.039215686274511,23.08823529411765,0.04901960784313726,0.06862745098039216,1.1274509803921569,0.5392156862745099,0.3431372549019608,0.7352941176470589,15.049019607843139,3.382352941176471,16.96078431372549,48.13725490196079,1.4215686274509804,1.0784313725490198,1.4705882352941178,1.4215686274509804,5.588235294117648
35,cameron archer,22,CF,13000000.0,SHU,AVL,16649999.999999998,24/25,34,ENG,0.1,0.0,0.0,premier-league,0.0,0.0,0.0,0.0,0.0,0.0,0.0,0.0,0.0,0.0,50.0,0.0,0.0,0.0,0.0,0.0,0.0,0.0,20.0,0.0,50.0,280.0,10.0,0.0,0.0,0.0,0.0
36,lewis dobbin,21,LW,2500000.0,EVE,AVL,11800000.0,24/25,12,ENG,2.6,1.94,0.78,premier-league,2.33,0.0,0.3846153846153846,0.11538461538461538,1.1538461538461537,0.0,0.0,0.0,0.0,0.0,16.923076923076923,36.53846153846154,0.0,0.038461538461538464,1.5384615384615383,0.0,1.1538461538461537,1.1538461538461537,25.0,4.230769230769231,34.230769230769226,81.15384615384615,4.230769230769231,1.5384615384615383,2.3076923076923075,5.769230769230769,7.692307692307692
37,moussa diaby,25,RW,55000000.0,AVL,Al-Ittihad Club,60000000.0,24/25,47,FRA,24.2,2.24,0.91,premier-league,3.31,0.41,0.24793388429752067,0.2892561983471075,2.644628099173554,0.04132231404958678,0.24793388429752067,0.37190082644628103,0.0,0.04132231404958678,20.041322314049587,55.70247933884298,0.3305785123966942,0.18595041322314051,1.9421487603305785,1.1983471074380165,1.6528925619834711,2.9752066115702482,19.421487603305785,5.619834710743802,23.47107438016529,83.18181818181819,1.7768595041322315,1.6115702479338843,1.1983471074380165,1.5289256198347108,7.56198347107438
38,cameron archer,22,CF,13000000.0,AVL,SOU,17600000.0,24/25,34,ENG,20.4,2.06,0.44,premier-league,2.41,0.2,0.19607843137254904,0.26960784313725494,1.5686274509803924,0.0,0.44117647058823534,0.09803921568627452,0.0,0.04901960784313726,13.039215686274511,23.08823529411765,0.04901960784313726,0.06862745098039216,1.1274509803921569,0.5392156862745099,0.3431372549019608,0.7352941176470589,15.049019607843139,3.382352941176471,16.96078431372549,48.13725490196079,1.4215686274509804,1.0784313725490198,1.4705882352941178,1.4215686274509804,5.588235294117648
39,cameron archer,22,CF,13000000.0,AVL,SOU,17600000.0,24/25,34,ENG,0.1,0.0,0.0,premier-league,0.0,0.0,0.0,0.0,0.0,0.0,0.0,0.0,0.0,0.0,50.0,0.0,0.0,0.0,0.0,0.0,0.0,0.0,20.0,0.0,50.0,280.0,10.0,0.0,0.0,0.0,0.0
40,luis sinisterra,25,LW,17000000.0,LEE,BOU,23400000.0,24/25,36,COL,7.8,3.48,1.03,premier-league,5.42,0.39,0.25641025641025644,0.32051282051282054,3.4615384615384617,0.0,1.153846153846154,0.0,0.0,0.0,28.974358974358974,95.76923076923077,0.25641025641025644,0.14102564102564105,2.5641025641025643,1.153846153846154,2.0512820512820515,4.871794871794872,31.025641025641026,10.64102564102564,34.23076923076923,153.2051282051282,2.5641025641025643,4.487179487179487,3.717948717948718,2.307692307692308,10.897435897435898
41,enes unal,27,CF,18000000.0,Getafe CF,BOU,16500000.0,24/25,24,TUR,1.6,0.64,0.0,la-liga,3.21,0.64,0.0,0.0625,2.5,0.0,0.0,0.625,0.0,0.0,15.0,75.625,0.625,0.25,1.875,0.625,0.0,0.625,15.625,3.75,19.375,48.75,1.25,0.0,1.25,0.625,4.375
42,enes unal,27,CF,18000000.0,Getafe CF,BOU,16500000.0,24/25,24,TUR,3.6,6.31,2.2,premier-league,3.28,0.82,0.5555555555555556,0.8055555555555555,1.1111111111111112,0.0,0.2777777777777778,0.2777777777777778,0.0,0.0,15.277777777777777,59.166666666666664,0.5555555555555556,0.02777777777777778,1.3888888888888888,2.7777777777777777,0.5555555555555556,1.9444444444444444,20.555555555555554,7.777777777777778,24.444444444444443,33.333333333333336,0.5555555555555556,0.2777777777777778,0.5555555555555556,2.2222222222222223,7.777777777777778
43,eli junior kroupi,18,CF,10000000.0,FC Lorient,BOU,13000000.0,24/25,17,FRA,12.0,1.83,1.0,ligue-1,1.66,0.25,0.4166666666666667,0.2916666666666667,1.0833333333333333,0.25,0.25,0.16666666666666666,0.0,0.08333333333333333,18.0,44.75,0.25,0.09166666666666667,0.9166666666666666,0.8333333333333334,0.5833333333333334,1.0,14.5,4.25,21.916666666666668,35.666666666666664,1.0833333333333333,0.4166666666666667,1.0,0.5,5.25
44,dominic solanke,26,CF,40000000.0,BOU,TOT,64300000.0,24/25,35,ENG,36.9,2.87,0.95,premier-league,2.14,0.16,0.5149051490514905,0.46612466124661245,1.6531165311653118,0.0,0.16260162601626016,0.10840108401084012,0.0,0.05420054200542006,10.840108401084011,37.58807588075881,0.08130081300813008,0.05420054200542006,1.056910569105691,0.8672086720867209,0.6504065040650406,1.6260162601626016,14.823848238482386,5.853658536585366,16.23306233062331,38.48238482384824,0.6504065040650406,0.7317073170731707,1.056910569105691,1.6260162601626016,4.9864498644986455
45,kieffer moore,31,CF,2000000.0,BOU,SHU,1790000.0,24/25,23,WAL,1.2,5.0,1.67,premier-league,4.17,0.0,0.8333333333333334,1.25,4.166666666666667,0.0,0.0,0.0,0.0,0.0,23.333333333333336,75.83333333333334,0.0,0.25,1.6666666666666667,1.6666666666666667,1.6666666666666667,3.3333333333333335,25.0,10.0,24.166666666666668,28.333333333333336,0.0,0.0,0.8333333333333334,0.8333333333333334,12.5
46,ivan toney,28,CF,50000000.0,BRE,Al-Ahli SFC,42000000.0,24/25,10,ENG,16.1,3.17,1.3,premier-league,2.42,0.37,0.24844720496894407,0.37267080745341613,1.3664596273291925,0.3105590062111801,0.24844720496894407,0.24844720496894407,0.0,0.06211180124223602,14.161490683229813,73.7888198757764,0.12422360248447203,0.08695652173913042,0.7453416149068323,1.2422360248447204,1.1180124223602483,2.484472049689441,16.956521739130434,4.161490683229813,22.236024844720497,50.24844720496894,1.0559006211180124,0.8074534161490683,0.6211180124223602,0.6211180124223602,6.08695652173913
47,brajan gruda,20,RW,20000000.0,1.FSV Mainz 05,BHA,31500000.0,24/25,22,GER,18.2,1.65,0.66,bundesliga,5.65,0.27,0.21978021978021978,0.19230769230769232,3.5164835164835164,0.7142857142857143,0.43956043956043955,0.21978021978021978,0.054945054945054944,0.0,23.351648351648354,126.26373626373626,0.16483516483516483,0.2802197802197802,2.3626373626373627,1.7032967032967035,1.7032967032967035,3.9010989010989015,29.725274725274726,5.10989010989011,31.703296703296704,137.1978021978022,3.021978021978022,2.417582417582418,3.7912087912087915,3.4615384615384617,9.175824175824177
48,deniz undav,28,CF,25000000.0,BHA,VfB Stuttgart,26700000.0,24/25,23,GER,23.2,4.57,2.2,bundesliga,4.44,0.73,0.7758620689655172,0.6163793103448276,3.4051724137931036,0.0,0.4310344827586207,0.646551724137931,0.0,0.04310344827586207,25.646551724137932,115.47413793103449,0.4310344827586207,0.2629310344827586,1.6810344827586208,2.887931034482759,1.896551724137931,5.172413793103448,23.146551724137932,6.336206896551724,29.051724137931036,62.88793103448276,1.5517241379310345,0.8620689655172414,1.1637931034482758,0.8620689655172414,7.844827586206897
49,pedro neto,24,RW,55000000.0,WOL,CHE,60000000.0,24/25,35,POR,16.8,2.14,0.71,premier-league,4.45,0.83,0.11904761904761904,0.20833333333333331,2.4404761904761902,0.8928571428571428,0.47619047619047616,0.47619047619047616,0.11904761904761904,0.11904761904761904,32.023809523809526,118.09523809523809,0.5357142857142857,0.22023809523809523,2.261904761904762,1.369047619047619,1.726190476190476,3.214285714285714,30.059523809523807,4.940476190476191,34.58333333333333,155.6547619047619,3.869047619047619,2.5,2.202380952380952,2.5,8.869047619047619
50,marc guiu,18,CF,7500000.0,FC Barcelona,CHE,6000000.0,24/25,12,ESP,0.8,4.86,1.22,la-liga,2.43,0.0,1.25,1.0,2.5,0.0,0.0,0.0,0.0,0.0,10.0,8.75,0.0,0.125,1.25,0.0,1.25,1.25,12.5,5.0,16.25,16.25,1.25,1.25,0.0,0.0,10.0
51,romelu lukaku,31,CF,30000000.0,CHE,SSC Napoli,30000000.0,24/25,22,BEL,29.3,2.18,0.92,serie-a,2.28,0.31,0.44368600682593856,0.30716723549488056,1.9112627986348123,0.0,0.10238907849829351,0.27303754266211605,0.0,0.034129692832764506,14.948805460750853,26.655290102389078,0.10238907849829351,0.051194539249146756,0.9897610921501706,0.7849829351535836,0.44368600682593856,1.2627986348122866,15.290102389078498,4.812286689419795,17.064846416382252,34.77815699658703,0.8191126279863481,0.7508532423208191,0.37542662116040953,0.44368600682593856,7.986348122866894
52,angelo,19,RW,15000000.0,CHE,Al-Nassr FC,23000000.0,24/25,58,BRA,12.2,0.74,0.33,ligue-1,4.45,0.49,0.0,0.03278688524590164,3.5245901639344264,0.1639344262295082,0.4098360655737705,0.4098360655737705,0.0,0.0,24.59016393442623,153.68852459016395,0.24590163934426232,0.24590163934426232,2.1311475409836067,2.6229508196721314,2.0491803278688527,4.836065573770492,23.114754098360656,2.2131147540983607,38.114754098360656,154.344262295082,3.934426229508197,0.49180327868852464,2.459016393442623,1.8852459016393444,9.01639344262295
53,ismaila sarr,26,RW,18000000.0,Olympique Marseille,CRY,15000000.0,24/25,47,SEN,16.1,1.55,0.62,ligue-1,2.49,0.31,0.18633540372670807,0.19875776397515527,1.8633540372670805,0.0,0.12422360248447203,0.3105590062111801,0.0,0.0,22.732919254658384,67.88819875776397,0.24844720496894407,0.14285714285714282,1.2422360248447204,0.6211180124223602,0.9316770186335402,2.2360248447204967,22.173913043478258,5.527950310559006,31.552795031055897,96.64596273291924,2.0496894409937885,1.3043478260869563,0.8695652173913043,1.5527950310559004,9.440993788819874
54,michael olise,22,RW,55000000.0,CRY,Bayern Munich,53000000.0,24/25,23,FRA,14.2,3.95,1.41,premier-league,5.79,0.99,0.7042253521126761,0.33098591549295775,3.098591549295775,1.0563380281690142,0.7746478873239437,0.7746478873239437,0.07042253521126761,0.14084507042253522,38.02816901408451,185.49295774647888,0.4225352112676057,0.35211267605633806,2.535211267605634,3.028169014084507,2.3943661971830985,5.492957746478874,34.014084507042256,5.633802816901409,39.647887323943664,155.6338028169014,3.5211267605633805,1.9014084507042255,2.8169014084507045,2.323943661971831,9.43661971830986
55,jordan ayew,32,CF,4000000.0,CRY,LEI,5900000.0,24/25,10,GHA,28.3,1.7,0.67,premier-league,2.55,0.42,0.1413427561837456,0.13780918727915192,1.4134275618374559,0.17667844522968199,0.17667844522968199,0.35335689045936397,0.0,0.0353356890459364,24.063604240282686,65.58303886925795,0.24734982332155475,0.09540636042402827,0.8833922261484098,1.519434628975265,0.9187279151943463,2.2261484098939928,21.130742049469966,3.3568904593639575,29.540636042402827,74.87632508833921,1.9434628975265018,0.7067137809187279,1.8374558303886925,2.0141342756183747,6.113074204946996
56,iliman ndiaye,24,RW,15000000.0,Olympique Marseille,EVE,18000000.0,24/25,48,SEN,18.0,1.95,0.5,ligue-1,3.39,0.5,0.16666666666666666,0.25,2.388888888888889,0.05555555555555555,0.4444444444444444,0.2777777777777778,0.0,0.0,25.833333333333332,82.94444444444444,0.16666666666666666,0.1611111111111111,1.2222222222222223,2.0555555555555554,0.8333333333333334,3.4444444444444446,22.833333333333332,4.055555555555555,33.94444444444444,83.33333333333333,1.7777777777777777,0.8333333333333334,2.4444444444444446,1.6666666666666667,8.444444444444445
57,chiedozie ogbene,27,RW,8000000.0,LUT,IPS,9500000.0,24/25,0,IRL,22.2,1.58,0.63,premier-league,3.56,0.41,0.1801801801801802,0.1891891891891892,2.2972972972972974,0.0900900900900901,0.5405405405405406,0.04504504504504505,0.0,0.0900900900900901,26.53153153153153,104.23423423423424,0.04504504504504505,0.15765765765765766,1.1261261261261262,1.0810810810810811,0.8108108108108109,2.3873873873873874,23.063063063063066,3.963963963963964,29.27927927927928,167.11711711711712,3.3333333333333335,2.027027027027027,2.7477477477477477,1.981981981981982,6.756756756756757
58,federico chiesa,26,RW,35000000.0,Juventus FC,LIV,12000000.0,24/25,10,ITA,24.4,3.03,1.02,serie-a,4.79,0.37,0.36885245901639346,0.22950819672131148,2.8688524590163937,0.6967213114754098,0.5737704918032788,0.20491803278688525,0.0,0.0819672131147541,20.40983606557377,101.06557377049181,0.0819672131147541,0.22950819672131148,2.2131147540983607,1.7213114754098362,1.8442622950819674,2.8688524590163937,26.352459016393443,5.327868852459017,26.352459016393443,110.53278688524591,2.295081967213115,2.377049180327869,1.4344262295081969,1.9672131147540985,8.852459016393443
59,omar marmoush,25,CF,60000000.0,Eintracht Frankfurt,MCI,75000000.0,24/25,29,EGY,25.6,3.01,1.21,bundesliga,2.93,0.47,0.46875,0.39453124999999994,1.5625,0.1953125,0.390625,0.1953125,0.0390625,0.078125,15.8984375,53.1640625,0.234375,0.171875,1.5625,1.2109375,0.8203125,2.34375,19.6484375,6.0546875,25.2734375,84.1015625,2.03125,1.5625,1.5234375,2.5,6.4453125
60,julian alvarez,24,CF,90000000.0,MCI,Atl√©tico de Madrid,75000000.0,24/25,47,ARG,29.4,3.26,1.26,premier-league,4.01,0.51,0.3741496598639456,0.39115646258503406,2.5170068027210886,0.9523809523809524,0.1360544217687075,0.40816326530612246,0.034013605442176874,0.0,34.38775510204082,101.76870748299321,0.272108843537415,0.2142857142857143,2.2789115646258504,1.4625850340136055,1.3945578231292517,3.503401360544218,33.60544217687075,5.068027210884354,31.08843537414966,71.15646258503402,2.0068027210884356,0.9523809523809524,0.6802721088435374,0.7482993197278912,6.122448979591837
61,joshua zirkzee,23,CF,50000000.0,Bologna FC 1909,MUN,42500000.0,24/25,23,NED,30.7,2.74,0.95,serie-a,3.17,0.33,0.3583061889250814,0.241042345276873,2.2801302931596092,0.0,0.5211726384364821,0.19543973941368079,0.0,0.06514657980456026,23.127035830618894,57.06840390879479,0.13029315960912052,0.08143322475570033,1.4006514657980456,1.3029315960912053,0.9120521172638437,2.801302931596091,20.521172638436482,4.429967426710098,26.514657980456025,57.71986970684039,1.498371335504886,0.7166123778501629,1.6938110749185669,2.3452768729641695,5.928338762214984
62,mason greenwood,22,RW,25000000.0,MUN,Olympique Marseille,26000000.0,24/25,11,ENG,29.6,3.35,1.05,la-liga,3.75,0.57,0.27027027027027023,0.21621621621621623,1.9594594594594594,0.33783783783783783,0.777027027027027,0.2027027027027027,0.06756756756756756,0.13513513513513511,26.25,90.67567567567568,0.2027027027027027,0.14527027027027026,1.2162162162162162,2.0945945945945943,0.9121621621621622,3.0067567567567566,23.31081081081081,4.189189189189189,32.06081081081081,131.72297297297297,2.7027027027027026,2.364864864864865,2.4324324324324325,1.7567567567567566,8.074324324324325
63,facundo pellistri,22,RW,10000000.0,MUN,Panathinaikos FC,6000000.0,24/25,10,URU,13.7,1.24,0.44,la-liga,3.12,0.45,0.14598540145985403,0.18248175182481752,2.18978102189781,0.14598540145985403,0.07299270072992702,0.29197080291970806,0.0,0.0,15.547445255474454,48.24817518248175,0.07299270072992702,0.08029197080291972,1.3138686131386863,0.21897810218978103,1.0218978102189782,1.6058394160583942,18.978102189781023,3.6496350364963503,19.78102189781022,74.08759124087591,1.0218978102189782,0.9489051094890512,0.8759124087591241,1.0218978102189782,7.007299270072993
64,facundo pellistri,22,RW,10000000.0,MUN,Panathinaikos FC,6000000.0,24/25,10,URU,1.9,2.09,1.05,premier-league,1.57,0.52,0.0,0.3684210526315789,1.0526315789473684,0.0,0.0,0.5263157894736842,0.0,0.0,31.578947368421055,76.8421052631579,0.5263157894736842,0.2105263157894737,0.5263157894736842,2.1052631578947367,1.0526315789473684,3.1578947368421053,30.526315789473685,6.842105263157895,38.94736842105263,97.36842105263159,3.68421052631579,2.1052631578947367,2.6315789473684212,2.1052631578947367,16.315789473684212
65,william osula,21,CF,3000000.0,SHU,NEW,11600000.0,24/25,0,DEN,8.7,2.4,0.92,premier-league,1.37,0.11,0.0,0.18390804597701152,0.3448275862068966,0.0,0.1149425287356322,0.0,0.0,0.0,5.6321839080459775,10.114942528735632,0.0,0.02298850574712644,0.1149425287356322,0.3448275862068966,0.2298850574712644,0.2298850574712644,11.954022988505749,3.218390804597701,12.413793103448278,25.74712643678161,0.9195402298850576,0.3448275862068966,0.3448275862068966,1.3793103448275863,4.71264367816092
66,miguel almiron,30,RW,16000000.0,NEW,Atlanta United FC,9550000.0,24/25,17,PAR,21.5,1.91,0.56,premier-league,2.41,0.19,0.13953488372093023,0.20930232558139536,1.8604651162790697,0.046511627906976744,0.13953488372093023,0.09302325581395349,0.046511627906976744,0.0,31.069767441860463,85.86046511627907,0.046511627906976744,0.11162790697674418,1.1162790697674418,1.7674418604651163,0.9767441860465116,3.627906976744186,22.093023255813954,4.0,30.325581395348838,105.86046511627907,2.0,1.0232558139534884,1.069767441860465,1.0232558139534884,7.534883720930233
67,ben brereton,25,CF,8000000.0,Villarreal CF,SOU,8300000.000000001,24/25,35,CHI,3.0,1.67,0.33,la-liga,1.33,0.0,0.0,0.06666666666666667,0.6666666666666666,0.0,0.0,0.0,0.0,0.0,18.333333333333332,69.33333333333333,0.0,0.06666666666666667,0.6666666666666666,1.0,0.6666666666666666,4.666666666666667,21.0,4.333333333333333,25.0,70.33333333333333,4.0,1.0,0.6666666666666666,2.6666666666666665,11.666666666666666
68,ben brereton,25,CF,8000000.0,Villarreal CF,SOU,8300000.000000001,24/25,35,CHI,12.3,2.77,1.3,premier-league,2.52,0.33,0.4878048780487805,0.4308943089430894,1.7073170731707317,0.0,0.3252032520325203,0.16260162601626016,0.0,0.08130081300813008,16.341463414634145,58.536585365853654,0.08130081300813008,0.08943089430894309,0.6504065040650406,1.7886178861788617,0.975609756097561,3.0081300813008127,15.040650406504064,4.146341463414634,19.024390243902438,54.390243902439025,1.2195121951219512,1.5447154471544715,0.8130081300813008,1.3821138211382114,6.341463414634146
69,wilson odobert,19,LW,10000000.0,BUR,TOT,29300000.0,24/25,46,FRA,23.3,2.1,0.6,premier-league,3.26,0.17,0.12875536480686695,0.12017167381974247,2.360515021459227,0.0,0.4291845493562232,0.12875536480686695,0.0,0.0,19.141630901287552,66.9098712446352,0.08583690987124463,0.15450643776824033,1.3304721030042919,1.4592274678111588,0.815450643776824,2.4892703862660945,17.854077253218883,4.206008583690987,23.390557939914164,125.27896995708154,2.4034334763948495,2.060085836909871,2.2746781115879826,2.1030042918454934,5.278969957081545
70,niclas fullkrug,31,CF,15000000.0,Borussia Dortmund,WHU,27000000.0,24/25,23,GER,2.0,2.5,0.5,bundesliga,3.5,0.0,0.0,0.25,3.0,0.0,0.0,0.0,0.0,0.0,24.0,137.0,0.0,0.2,1.0,3.5,1.0,4.5,17.0,2.5,22.5,35.5,0.5,0.0,0.0,0.5,6.0
71,niclas fullkrug,31,CF,15000000.0,Borussia Dortmund,WHU,27000000.0,24/25,23,GER,24.6,2.03,0.94,bundesliga,2.32,0.45,0.4878048780487805,0.4065040650406504,2.0325203252032518,0.0,0.0,0.4065040650406504,0.0,0.0,15.365853658536585,46.38211382113821,0.3252032520325203,0.13414634146341461,1.3821138211382114,1.0162601626016259,0.6504065040650406,1.9918699186991868,14.634146341463413,4.268292682926829,16.6260162601626,22.76422764227642,0.6504065040650406,0.44715447154471544,0.2032520325203252,0.4065040650406504,4.837398373983739
72,said benrahma,28,LW,20000000.0,WHU,Olympique Lyon,14400000.0,24/25,24,ALG,8.6,2.92,1.05,ligue-1,4.44,0.47,0.3488372093023256,0.186046511627907,3.0232558139534884,0.6976744186046512,0.23255813953488372,0.46511627906976744,0.0,0.0,27.674418604651162,140.11627906976744,0.3488372093023256,0.4302325581395349,2.674418604651163,1.8604651162790697,2.441860465116279,3.9534883720930236,30.930232558139537,4.186046511627907,40.697674418604656,136.97674418604652,1.744186046511628,1.744186046511628,2.0930232558139537,1.8604651162790697,13.13953488372093
73,said benrahma,28,LW,20000000.0,WHU,Olympique Lyon,14400000.0,24/25,24,ALG,6.9,2.61,0.73,premier-league,3.77,0.15,0.0,0.14492753623188406,3.333333333333333,0.0,0.43478260869565216,0.14492753623188406,0.0,0.0,27.97101449275362,73.04347826086956,0.14492753623188406,0.11594202898550725,1.5942028985507246,1.5942028985507246,1.5942028985507246,4.057971014492753,24.34782608695652,5.0724637681159415,34.492753623188406,114.4927536231884,2.463768115942029,2.1739130434782608,2.0289855072463765,3.043478260869565,10.144927536231883
74,divin mubama,19,CF,1000000.0,WHU,Manchester City U21,1400000.0,24/25,0,ENG,0.9,1.13,0.0,premier-league,0.0,0.0,0.0,0.11111111111111112,0.0,0.0,0.0,0.0,0.0,0.0,17.77777777777778,16.666666666666668,0.0,0.0,0.0,0.0,0.0,0.0,10.0,1.1111111111111112,20.0,13.333333333333332,1.1111111111111112,0.0,0.0,0.0,5.555555555555555
75,noni madueke,23,RW,40000000.0,CHE,ARS,56000000.0,25/26,59,ENG,22.6,3.54,1.33,premier-league,3.5,0.35,0.30973451327433627,0.42477876106194684,2.5221238938053094,0.0,0.44247787610619466,0.22123893805309733,0.0,0.0,23.451327433628318,81.99115044247787,0.1327433628318584,0.1415929203539823,1.415929203539823,0.7079646017699115,1.5486725663716814,3.053097345132743,26.327433628318584,8.141592920353983,28.362831858407077,154.20353982300884,2.2123893805309733,4.11504424778761,1.9911504424778759,2.0353982300884956,10.0
76,marquinhos,22,RW,5500000.0,ARS,Cruzeiro Esporte Clube,3000000.0,25/26,24,BRA,19.2,0.42,0.16,ligue-1,1.62,0.05,0.10416666666666667,0.05729166666666667,1.4583333333333335,0.0,0.052083333333333336,0.0,0.0,0.0,90.41666666666667,524.5833333333334,0.0,0.052083333333333336,0.46875,9.583333333333334,0.20833333333333334,7.864583333333334,5.9375,0.6770833333333334,69.53125,232.91666666666669,1.3020833333333335,0.0,0.15625,0.052083333333333336,0.20833333333333334
77,evann guessand,24,RW,25000000.0,OGC Nice,AVL,30000000.0,25/26,35,CIV,28.5,2.21,0.95,ligue-1,3.19,0.6,0.42105263157894735,0.3228070175438596,1.9649122807017543,0.0,0.5614035087719298,0.3508771929824561,0.0,0.10526315789473684,14.771929824561404,56.10526315789474,0.2807017543859649,0.18596491228070175,1.1228070175438596,1.6140350877192982,0.9473684210526315,2.7719298245614037,15.578947368421053,4.701754385964913,20.385964912280702,77.36842105263158,1.543859649122807,1.0526315789473684,1.719298245614035,1.6842105263157894,5.684210526315789
78,amine adli,25,LW,18000000.0,Bayer 04 Leverkusen,BOU,21000000.0,25/26,34,MAR,8.5,2.35,0.82,bundesliga,3.41,0.0,0.23529411764705882,0.31764705882352945,2.235294117647059,0.0,0.23529411764705882,0.0,0.0,0.0,31.41176470588235,84.82352941176471,0.0,0.22352941176470587,1.2941176470588236,1.0588235294117647,1.7647058823529411,2.823529411764706,33.64705882352941,6.235294117647059,29.176470588235293,98.58823529411765,2.9411764705882355,1.2941176470588236,1.7647058823529411,1.8823529411764706,11.764705882352942
79,dango ouattara,23,LW,28000000.0,BOU,BRE,42800000.0,25/26,34,BFA,22.3,2.78,0.9,premier-league,3.23,0.27,0.3139013452914798,0.37668161434977576,2.5560538116591927,0.0,0.13452914798206278,0.17937219730941703,0.0,0.04484304932735426,16.457399103139014,76.50224215246637,0.17937219730941703,0.14798206278026904,1.569506726457399,0.9417040358744394,1.1659192825112108,1.9282511210762332,22.286995515695068,5.739910313901345,22.062780269058294,79.68609865470852,1.569506726457399,1.704035874439462,1.748878923766816,1.5246636771300448,8.565022421524663
80,bryan mbeumo,25,RW,55000000.0,BRE,MUN,75000000.0,25/26,11,CMR,37.9,2.08,0.9,premier-league,3.8,0.53,0.5277044854881267,0.1978891820580475,2.5857519788918206,0.6068601583113457,0.29023746701846964,0.29023746701846964,0.079155672823219,0.052770448548812667,23.00791556728232,114.1160949868074,0.18469656992084432,0.2453825857519789,1.8469656992084433,1.662269129287599,1.5567282321899736,3.720316622691293,26.33245382585752,4.432717678100264,28.41688654353562,92.84960422163589,1.820580474934037,1.978891820580475,1.3720316622691293,1.2401055408970976,9.261213720316624
81,yoane wissa,28,CF,32000000.0,BRE,NEW,57700000.0,25/26,10,COD,32.4,2.77,1.26,premier-league,2.13,0.31,0.5864197530864198,0.5709876543209876,1.234567901234568,0.0308641975308642,0.1234567901234568,0.2469135802469136,0.0,0.0,13.88888888888889,49.90740740740741,0.1234567901234568,0.05555555555555556,0.8333333333333334,1.3580246913580247,0.4012345679012346,2.0679012345679015,13.333333333333334,5.030864197530865,16.97530864197531,51.2962962962963,0.8024691358024691,1.0493827160493827,0.46296296296296297,0.7407407407407408,4.753086419753086
82,joao pedro,23,CF,50000000.0,BHA,CHE,63700000.0,25/26,36,BRA,21.6,1.94,0.69,premier-league,3.32,0.42,0.4629629629629629,0.23148148148148145,2.5925925925925926,0.0,0.13888888888888887,0.27777777777777773,0.0,0.0,22.314814814814813,81.75925925925925,0.27777777777777773,0.14351851851851852,1.3888888888888888,1.9444444444444444,1.6666666666666665,3.6111111111111107,23.518518518518515,5.648148148148148,28.518518518518515,84.30555555555554,1.8055555555555554,1.3888888888888888,1.3425925925925926,2.1759259259259256,5.925925925925926
83,simon adingra,23,LW,28000000.0,BHA,SUN,24400000.0,25/26,12,CIV,12.2,2.71,0.66,premier-league,3.86,0.57,0.1639344262295082,0.20491803278688525,2.7049180327868854,0.0,0.49180327868852464,0.4098360655737705,0.0,0.0819672131147541,23.77049180327869,67.21311475409837,0.1639344262295082,0.22950819672131148,1.3114754098360657,0.4098360655737705,1.3934426229508197,1.4754098360655739,25.81967213114754,6.229508196721312,30.0,106.55737704918033,1.7213114754098362,2.2131147540983607,1.7213114754098362,2.2131147540983607,11.147540983606557
84,abdallah sima,24,LW,9000000.0,BHA,RC Lens,4500000.0,25/26,10,SEN,13.8,2.69,1.31,ligue-1,2.04,0.22,0.5072463768115941,0.427536231884058,1.4492753623188406,0.0,0.07246376811594203,0.14492753623188406,0.0,0.0,16.73913043478261,47.826086956521735,0.14492753623188406,0.06521739130434782,0.9420289855072463,0.9420289855072463,0.43478260869565216,1.7391304347826086,18.55072463768116,4.782608695652174,21.666666666666664,51.52173913043478,1.1594202898550725,1.4492753623188406,0.43478260869565216,0.9420289855072463,6.666666666666666
85,armando broja,23,CF,12000000.0,CHE,BUR,23000000.0,25/26,47,ALB,3.7,1.08,0.0,premier-league,1.89,0.0,0.0,0.02702702702702703,1.8918918918918919,0.0,0.0,0.0,0.0,0.0,14.324324324324323,27.297297297297295,0.0,0.02702702702702703,1.081081081081081,0.8108108108108107,0.0,0.5405405405405405,19.45945945945946,4.864864864864865,17.297297297297295,75.94594594594594,2.162162162162162,0.8108108108108107,2.162162162162162,1.8918918918918919,7.027027027027026
86,loum tchaouna,21,RW,10000000.0,SS Lazio,BUR,15150000.0,25/26,48,FRA,7.3,3.14,1.09,serie-a,3.4,0.82,0.136986301369863,0.3424657534246575,2.73972602739726,0.136986301369863,0.0,0.684931506849315,0.0,0.0,23.56164383561644,77.67123287671232,0.0,0.0958904109589041,1.36986301369863,1.2328767123287672,1.095890410958904,2.73972602739726,23.835616438356166,4.52054794520548,25.753424657534246,70.68493150684931,1.095890410958904,1.095890410958904,0.684931506849315,0.684931506849315,9.04109589041096
87,jacob bruun larsen,26,LW,5000000.0,VfB Stuttgart,BUR,4000000.0,25/26,24,DEN,4.4,3.15,1.35,bundesliga,4.29,0.9,0.45454545454545453,0.5227272727272726,2.727272727272727,0.22727272727272727,0.45454545454545453,0.45454545454545453,0.0,0.22727272727272727,27.499999999999996,91.13636363636363,0.45454545454545453,0.15909090909090906,1.8181818181818181,1.5909090909090908,1.3636363636363635,3.6363636363636362,30.227272727272723,6.8181818181818175,33.40909090909091,107.04545454545453,2.954545454545454,1.8181818181818181,1.5909090909090908,2.954545454545454,9.318181818181817
88,jacob bruun larsen,26,LW,5000000.0,VfB Stuttgart,BUR,4000000.0,25/26,24,DEN,4.6,1.3,0.65,bundesliga,4.12,0.0,0.2173913043478261,0.13043478260869565,3.0434782608695654,0.2173913043478261,0.2173913043478261,0.0,0.0,0.0,25.000000000000004,120.43478260869566,0.0,0.3478260869565218,2.3913043478260874,1.7391304347826089,3.695652173913044,4.130434782608696,25.217391304347828,5.869565217391305,27.608695652173914,92.3913043478261,1.0869565217391306,2.173913043478261,2.173913043478261,2.173913043478261,8.695652173913045
89,jamie gittens,20,LW,50000000.0,Borussia Dortmund,CHE,56000000.0,25/26,36,ENG,19.7,2.64,1.22,bundesliga,3.7,0.51,0.40609137055837563,0.18274111675126906,1.7258883248730965,0.0,1.4720812182741116,0.20304568527918782,0.0,0.30456852791878175,21.6751269035533,51.319796954314725,0.15228426395939088,0.2081218274111675,1.0659898477157361,0.8629441624365483,1.218274111675127,2.1319796954314723,26.395939086294415,5.583756345177665,31.827411167512693,143.4517766497462,2.8426395939086295,3.197969543147208,3.9086294416243654,3.654822335025381,9.137055837563452
90,alejandro garnacho,21,LW,45000000.0,MUN,CHE,46200000.0,25/26,34,ARG,24.4,3.44,1.19,premier-league,3.4,0.25,0.24590163934426232,0.29918032786885246,2.6229508196721314,0.04098360655737705,0.12295081967213116,0.1639344262295082,0.0,0.0,26.598360655737707,48.4016393442623,0.0819672131147541,0.11475409836065574,1.5163934426229508,0.9016393442622951,1.0245901639344264,2.295081967213115,27.991803278688526,7.213114754098361,34.42622950819673,132.99180327868854,2.9508196721311477,2.7459016393442623,1.0655737704918034,2.2540983606557377,11.885245901639346
91,liam delap,22,CF,40000000.0,IPS,CHE,35500000.0,25/26,49,ENG,28.8,2.29,1.01,premier-league,2.15,0.24,0.41666666666666663,0.2708333333333333,0.9722222222222222,0.0,0.41666666666666663,0.10416666666666666,0.0,0.06944444444444445,7.604166666666666,22.8125,0.06944444444444445,0.048611111111111105,0.7291666666666666,0.5902777777777778,0.20833333333333331,1.0416666666666667,11.631944444444445,3.194444444444444,15.45138888888889,55.06944444444444,1.597222222222222,1.0416666666666667,1.3888888888888888,1.284722222222222,3.819444444444444
92,christopher nkunku,27,CF,35000000.0,CHE,AC Milan,37000000.0,25/26,46,FRA,10.2,2.44,1.07,premier-league,3.32,0.39,0.29411764705882354,0.47058823529411764,2.058823529411765,0.0,0.4901960784313726,0.09803921568627452,0.0,0.09803921568627452,29.31372549019608,74.50980392156863,0.19607843137254904,0.09803921568627452,1.3725490196078431,2.5490196078431375,0.6862745098039216,2.450980392156863,21.27450980392157,5.098039215686275,27.450980392156865,61.568627450980394,1.5686274509803924,1.2745098039215688,0.9803921568627452,1.3725490196078431,6.666666666666667
93,yeremi pino,22,RW,30000000.0,Villarreal CF,CRY,30000000.0,25/26,22,ESP,21.5,1.35,0.37,la-liga,3.12,0.51,0.18604651162790697,0.18139534883720929,2.4651162790697674,0.0,0.23255813953488372,0.37209302325581395,0.0,0.0,24.325581395348838,103.48837209302326,0.32558139534883723,0.17674418604651163,1.7209302325581395,1.627906976744186,1.4883720930232558,3.0697674418604652,22.186046511627907,4.837209302325581,26.27906976744186,65.86046511627907,1.2093023255813953,0.9767441860465116,1.1627906976744187,1.1627906976744187,9.906976744186046
94,odsonne edouard,27,CF,8000000.0,CRY,RC Lens,3700000.0,25/26,10,FRA,1.3,3.91,0.78,premier-league,0.78,0.0,0.0,0.3076923076923077,0.7692307692307692,0.0,0.0,0.0,0.0,0.0,13.076923076923077,35.38461538461539,0.0,0.0,0.7692307692307692,1.5384615384615383,0.0,3.0769230769230766,13.846153846153845,6.153846153846153,18.46153846153846,43.07692307692307,0.7692307692307692,1.5384615384615383,0.0,0.7692307692307692,5.384615384615384
95,odsonne edouard,27,CF,8000000.0,CRY,RC Lens,3700000.0,25/26,10,FRA,0.3,0.0,0.0,premier-league,6.21,0.0,0.0,0.0,6.666666666666667,0.0,0.0,0.0,0.0,0.0,20.0,16.666666666666668,0.0,0.0,3.3333333333333335,0.0,0.0,3.3333333333333335,36.66666666666667,20.0,36.66666666666667,6.666666666666667,0.0,3.3333333333333335,3.3333333333333335,3.3333333333333335,6.666666666666667
96,tyler dibling,19,RW,25000000.0,SOU,EVE,40500000.0,25/26,22,ENG,20.8,1.34,0.43,premier-league,2.69,0.19,0.09615384615384615,0.12019230769230768,1.6346153846153846,0.04807692307692307,0.5288461538461539,0.09615384615384615,0.0,0.04807692307692307,24.23076923076923,74.66346153846153,0.0,0.07211538461538461,0.9615384615384615,1.2980769230769231,0.9615384615384615,3.0769230769230766,17.740384615384613,1.971153846153846,26.826923076923077,106.49038461538461,2.4038461538461537,1.25,2.1634615384615383,2.067307692307692,4.615384615384615
97,thierno barry,22,CF,20000000.0,Villarreal CF,EVE,30000000.0,25/26,48,FRA,25.8,2.75,0.93,la-liga,1.78,0.23,0.4263565891472868,0.45348837209302323,1.2403100775193798,0.0,0.11627906976744186,0.19379844961240308,0.0,0.03875968992248062,8.10077519379845,21.162790697674417,0.15503875968992248,0.07751937984496124,0.8914728682170543,0.5426356589147286,0.46511627906976744,1.0465116279069766,13.410852713178294,4.883720930232558,13.449612403100774,40.348837209302324,1.3565891472868217,0.9689922480620154,0.6976744186046512,0.9689922480620154,4.8062015503875966
98,youssef chermiti,21,CF,8000000.0,EVE,Rangers FC,8600000.0,25/26,22,POR,0.5,6.0,2.0,premier-league,0.0,0.0,0.0,0.2,0.0,0.0,0.0,0.0,0.0,0.0,12.0,28.0,0.0,0.0,0.0,2.0,0.0,2.0,18.0,6.0,14.0,4.0,0.0,0.0,2.0,0.0,12.0
99,neal maupay,28,CF,8000000.0,EVE,Olympique Marseille,4000000.0,25/26,12,FRA,11.6,1.64,0.86,ligue-1,1.9,0.43,0.3448275862068966,0.35344827586206895,1.7241379310344829,0.0,0.1724137931034483,0.4310344827586207,0.0,0.0,21.551724137931036,56.12068965517241,0.3448275862068966,0.11206896551724138,1.120689655172414,1.293103448275862,1.0344827586206897,3.189655172413793,15.0,4.137931034482759,17.32758620689655,34.224137931034484,1.206896551724138,0.603448275862069,0.5172413793103449,0.603448275862069,6.982758620689656
100,martial godo,22,LW,600000.0,FUL,RC Strasbourg Alsace,7000000.0,25/26,34,ENG,0.3,0.0,0.0,premier-league,3.91,0.0,0.0,0.0,3.3333333333333335,0.0,0.0,0.0,0.0,0.0,40.0,176.66666666666669,0.0,0.33333333333333337,3.3333333333333335,0.0,10.0,10.0,56.66666666666667,23.333333333333336,60.0,290.0,0.0,6.666666666666667,3.3333333333333335,10.0,20.0
101,noah okafor,25,LW,13000000.0,AC Milan,LEE,19000000.0,25/26,34,SUI,4.6,2.83,1.52,serie-a,2.39,0.43,0.2173913043478261,0.32608695652173914,1.956521739130435,0.0,0.4347826086956522,0.4347826086956522,0.0,0.0,16.73913043478261,58.69565217391305,0.0,0.15217391304347827,0.8695652173913044,0.8695652173913044,1.5217391304347827,2.608695652173913,21.086956521739133,6.086956521739131,24.1304347826087,122.3913043478261,2.3913043478260874,2.173913043478261,2.608695652173913,2.3913043478260874,10.434782608695652
102,noah okafor,25,LW,13000000.0,AC Milan,LEE,19000000.0,25/26,34,SUI,0.4,2.25,0.0,serie-a,9.0,0.0,0.0,0.0,7.5,0.0,2.5,0.0,0.0,0.0,27.5,117.5,0.0,0.5,7.5,5.0,2.5,2.5,32.5,15.0,37.5,292.5,5.0,7.5,5.0,10.0,15.0
103,alexander isak,25,CF,120000000.0,NEW,LIV,145000000.0,25/26,34,SWE,30.6,3.1,1.34,premier-league,3.01,0.46,0.7516339869281046,0.5620915032679739,2.287581699346405,0.032679738562091505,0.26143790849673204,0.35947712418300654,0.0,0.032679738562091505,16.96078431372549,53.72549019607843,0.19607843137254902,0.11764705882352941,1.3398692810457515,1.1437908496732025,1.0130718954248366,2.8758169934640523,19.477124183006534,6.1764705882352935,20.098039215686274,60.81699346405229,1.3725490196078431,1.4052287581699345,1.3725490196078431,1.5359477124183005,7.091503267973856
104,hugo ekitike,23,CF,75000000.0,Eintracht Frankfurt,LIV,95000000.0,25/26,47,FRA,28.5,4.0,1.55,bundesliga,3.55,0.42,0.5263157894736842,0.6771929824561403,2.210526315789474,0.0,0.49122807017543857,0.3157894736842105,0.0,0.07017543859649122,17.05263157894737,41.78947368421053,0.2807017543859649,0.18947368421052632,1.543859649122807,0.8421052631578947,1.087719298245614,1.8596491228070176,20.45614035087719,6.87719298245614,22.210526315789473,80.94736842105263,2.0,1.8245614035087718,1.8245614035087718,2.1403508771929824,7.543859649122807
105,luis diaz,28,LW,70000000.0,LIV,Bayern Munich,70000000.0,25/26,23,COL,26.7,2.66,1.13,premier-league,4.39,0.6,0.4868913857677903,0.449438202247191,3.295880149812734,0.0,0.599250936329588,0.4868913857677903,0.0,0.03745318352059925,27.56554307116105,94.86891385767791,0.18726591760299627,0.16853932584269662,2.0973782771535583,1.797752808988764,1.7228464419475655,4.119850187265918,26.44194756554307,6.254681647940075,29.213483146067418,110.86142322097379,2.059925093632959,2.0973782771535583,1.9850187265917603,1.9101123595505618,10.97378277153558
106,darwin nunez,26,CF,45000000.0,LIV,Al-Hilal SFC,53000000.0,25/26,35,URU,12.6,2.7,1.03,premier-league,2.46,0.32,0.39682539682539686,0.4603174603174603,1.6666666666666667,0.0,0.31746031746031744,0.2380952380952381,0.0,0.0,12.936507936507937,46.58730158730159,0.15873015873015872,0.03968253968253968,0.873015873015873,0.7142857142857143,0.2380952380952381,2.142857142857143,16.666666666666668,5.8730158730158735,15.952380952380953,45.07936507936508,1.507936507936508,0.9523809523809524,0.6349206349206349,1.1111111111111112,6.190476190476191
107,rayan cherki,21,RW,45000000.0,Olympique Lyon,MCI,36500000.0,25/26,13,FRA,22.7,1.98,0.84,ligue-1,6.44,0.88,0.3524229074889868,0.22026431718061676,4.4493392070484585,0.9251101321585904,0.4845814977973568,0.6607929515418502,0.0881057268722467,0.04405286343612335,47.53303964757709,226.43171806167402,0.4845814977973568,0.5154185022026432,3.303964757709251,4.273127753303965,3.392070484581498,9.07488986784141,36.38766519823788,5.814977973568282,44.97797356828194,159.0308370044053,4.008810572687225,1.8061674008810573,2.1145374449339207,1.894273127753304,8.105726872246697
108,benjamin sesko,22,CF,70000000.0,RB Leipzig,MUN,76500000.0,25/26,47,SVN,26.4,2.5,1.1,bundesliga,1.93,0.34,0.49242424242424243,0.31818181818181823,1.1742424242424243,0.0,0.4166666666666667,0.15151515151515152,0.0,0.07575757575757576,15.71969696969697,43.371212121212125,0.1893939393939394,0.06439393939393939,0.7196969696969697,0.946969696969697,0.34090909090909094,1.7424242424242424,13.522727272727273,3.4469696969696972,16.81818181818182,46.59090909090909,1.0984848484848486,0.5303030303030303,1.4772727272727273,1.2121212121212122,5.340909090909091
109,antony,25,RW,35000000.0,MUN,Real Betis Balompi√©,22000000.0,25/26,22,BRA,15.1,2.84,1.12,la-liga,5.09,0.6,0.33112582781456956,0.19205298013245034,4.039735099337748,0.26490066225165565,0.33112582781456956,0.3973509933774835,0.0,0.06622516556291391,41.19205298013245,146.42384105960267,0.13245033112582782,0.19205298013245034,2.384105960264901,2.251655629139073,2.847682119205298,4.437086092715232,38.741721854304636,4.172185430463577,43.90728476821192,180.72847682119206,5.099337748344371,1.9867549668874174,1.589403973509934,2.185430463576159,10.397350993377483
110,antony,25,RW,35000000.0,MUN,Real Betis Balompi√©,22000000.0,25/26,22,BRA,1.6,3.83,1.91,premier-league,5.11,0.0,0.0,0.625,3.75,0.0,0.625,0.0,0.0,0.0,35.0,69.375,0.0,0.125,1.875,0.625,3.125,3.75,33.75,5.0,37.5,113.75,3.75,0.625,2.5,3.75,4.375
111,nick woltemade,23,CF,30000000.0,VfB Stuttgart,NEW,75000000.0,25/26,34,GER,18.0,2.55,1.28,bundesliga,4.38,0.55,0.6666666666666666,0.4444444444444444,3.0555555555555554,0.0,0.4444444444444444,0.2777777777777778,0.0,0.2222222222222222,19.166666666666668,58.77777777777778,0.1111111111111111,0.18888888888888888,2.0555555555555554,1.7222222222222223,1.2777777777777777,2.888888888888889,22.5,8.833333333333334,26.11111111111111,53.94444444444444,1.5555555555555556,1.2222222222222223,1.7222222222222223,2.0555555555555554,7.833333333333333
112,anthony elanga,23,RW,42000000.0,NFO,NEW,61400000.0,25/26,36,SWE,27.8,1.58,0.86,premier-league,3.67,0.65,0.2158273381294964,0.1618705035971223,2.014388489208633,0.8273381294964028,0.17985611510791366,0.3597122302158273,0.14388489208633093,0.03597122302158273,19.424460431654676,95.68345323741006,0.39568345323741005,0.1834532374100719,1.7985611510791366,1.1510791366906474,0.935251798561151,2.2661870503597124,24.424460431654676,3.9568345323741005,21.58273381294964,91.51079136690647,1.618705035971223,1.7266187050359711,0.8992805755395683,1.4028776978417266,8.237410071942445
113,dan ndoye,24,RW,35000000.0,Bologna FC 1909,NFO,42000000.0,25/26,23,SUI,23.8,2.1,0.71,serie-a,3.7,0.38,0.3361344537815126,0.226890756302521,2.3949579831932772,0.08403361344537814,0.37815126050420167,0.3361344537815126,0.0,0.0,21.80672268907563,77.89915966386555,0.1680672268907563,0.1134453781512605,1.134453781512605,1.638655462184874,1.0924369747899159,3.1092436974789917,23.52941176470588,4.411764705882352,31.72268907563025,127.52100840336134,2.26890756302521,2.100840336134454,1.5546218487394958,1.8067226890756303,9.705882352941176
114,dilane bakwa,23,RW,25000000.0,RC Strasbourg Alsace,NFO,35000000.0,25/26,22,FRA,27.7,1.87,0.79,ligue-1,3.97,0.58,0.21660649819494585,0.1696750902527076,2.4187725631768955,0.7581227436823105,0.36101083032490977,0.4693140794223827,0.036101083032490974,0.036101083032490974,29.16967509025271,149.09747292418774,0.2888086642599278,0.21660649819494585,1.696750902527076,2.4187725631768955,1.444043321299639,4.657039711191336,24.729241877256317,2.851985559566787,32.12996389891697,105.92057761732852,2.527075812274368,1.516245487364621,1.8050541516245489,2.3465703971119134,8.989169675090253
115,arnaud kalimuendo,23,CF,22000000.0,Stade Rennais FC,NFO,30000000.0,25/26,22,FRA,28.6,2.37,1.01,ligue-1,1.71,0.21,0.5944055944055944,0.3111888111888112,1.2937062937062938,0.0,0.1048951048951049,0.13986013986013984,0.0,0.0,16.678321678321677,43.531468531468526,0.1048951048951049,0.07342657342657342,0.6643356643356643,1.2587412587412588,0.4895104895104895,2.5174825174825175,13.706293706293705,4.405594405594405,18.216783216783217,44.510489510489506,1.048951048951049,0.9440559440559441,0.7342657342657343,1.3636363636363635,5.839160839160839
116,ramon sosa,25,LW,12000000.0,NFO,Sociedade Esportiva Palmeiras,12500000.0,25/26,48,PAR,3.3,3.36,1.53,premier-league,4.23,0.0,0.30303030303030304,0.30303030303030304,3.3333333333333335,0.0,0.6060606060606061,0.0,0.0,0.0,20.0,85.75757575757576,0.0,0.12121212121212123,2.4242424242424243,0.6060606060606061,1.5151515151515151,1.8181818181818183,23.333333333333336,4.545454545454546,22.72727272727273,100.90909090909092,2.121212121212121,1.5151515151515151,2.4242424242424243,1.5151515151515151,5.151515151515151
117,mohammed kudus,24,RW,45000000.0,WHU,TOT,63800000.0,25/26,36,GHA,28.8,2.61,0.73,premier-league,3.72,0.35,0.1736111111111111,0.23958333333333334,2.569444444444444,0.034722222222222224,0.5555555555555556,0.20833333333333331,0.0,0.034722222222222224,24.82638888888889,62.5,0.10416666666666666,0.09375,1.0763888888888888,1.597222222222222,1.0069444444444444,2.7430555555555554,21.25,4.409722222222222,29.23611111111111,90.72916666666667,2.048611111111111,1.4583333333333333,3.194444444444444,3.4027777777777777,7.5
118,mathys tel,20,CF,35000000.0,Bayern Munich,TOT,35000000.0,25/26,48,FRA,2.8,3.52,1.05,bundesliga,1.41,0.7,0.0,0.25,1.0714285714285714,0.35714285714285715,0.0,0.7142857142857143,0.0,0.0,38.57142857142858,117.50000000000001,0.35714285714285715,0.2142857142857143,0.35714285714285715,1.7857142857142858,1.4285714285714286,3.2142857142857144,31.78571428571429,5.0,38.92857142857143,70.71428571428572,2.5,1.0714285714285714,2.142857142857143,2.142857142857143,12.142857142857144
119,mathys tel,20,CF,35000000.0,Bayern Munich,TOT,35000000.0,25/26,48,FRA,10.1,2.17,0.79,premier-league,2.77,0.2,0.19801980198019803,0.21782178217821785,1.7821782178217822,0.09900990099009901,0.297029702970297,0.09900990099009901,0.0,0.0,18.316831683168317,65.94059405940594,0.09900990099009901,0.1485148514851485,1.3861386138613863,1.188118811881188,1.3861386138613863,2.0792079207920793,21.485148514851485,3.9603960396039604,26.33663366336634,79.70297029702971,2.2772277227722775,1.0891089108910892,1.4851485148514851,3.0693069306930694,7.128712871287129
120,son heung min,33,LW,20000000.0,TOT,Los Angeles FC,22000000.0,25/26,11,KOR,23.4,2.35,1.02,premier-league,4.99,0.64,0.29914529914529914,0.2435897435897436,3.717948717948718,0.3418803418803419,0.4273504273504274,0.5555555555555556,0.0,0.0,31.1965811965812,122.52136752136752,0.38461538461538464,0.21794871794871795,2.1367521367521367,1.7094017094017095,2.1794871794871797,4.743589743589744,28.54700854700855,5.213675213675214,32.52136752136752,111.66666666666667,2.094017094017094,1.8803418803418805,1.2393162393162394,1.7521367521367524,11.324786324786325
121,bryan gil,24,LW,15000000.0,TOT,Girona FC,6000000.0,25/26,10,ESP,19.1,1.67,0.78,la-liga,2.93,0.26,0.15706806282722513,0.12041884816753926,2.0418848167539267,0.15706806282722513,0.41884816753926696,0.2617801047120419,0.0,0.0,32.5130890052356,94.65968586387434,0.15706806282722513,0.16753926701570682,1.0994764397905759,1.413612565445026,1.7277486910994764,3.8743455497382198,29.738219895287955,4.293193717277487,37.43455497382199,110.10471204188481,2.25130890052356,1.7801047120418847,2.1465968586387434,2.7225130890052354,10.994764397905758
122,jorgen strand larsen,25,CF,30000000.0,Celta de Vigo,WOL,27000000.0,25/26,36,NOR,28.7,1.88,1.15,premier-league,1.46,0.21,0.4878048780487805,0.35888501742160284,1.1498257839721255,0.03484320557491289,0.03484320557491289,0.20905923344947736,0.0,0.0,10.278745644599303,24.285714285714285,0.13937282229965156,0.03484320557491289,0.7317073170731707,0.662020905923345,0.13937282229965156,1.0104529616724738,10.59233449477352,3.7630662020905925,12.020905923344948,16.16724738675958,0.4878048780487805,0.31358885017421606,0.2787456445993031,0.3832752613240418,3.902439024390244
123,fabio silva,23,CF,20000000.0,WOL,Borussia Dortmund,22500000.0,25/26,10,POR,20.7,2.22,0.96,la-liga,2.08,0.24,0.48309178743961356,0.3091787439613527,1.4492753623188406,0.0,0.1932367149758454,0.14492753623188406,0.0,0.04830917874396135,14.927536231884059,34.29951690821256,0.14492753623188406,0.08695652173913045,0.7729468599033816,0.6280193236714976,0.6763285024154589,1.2560386473429952,16.183574879227052,4.879227053140097,15.942028985507246,39.130434782608695,0.5314009661835749,1.0144927536231885,1.0144927536231885,1.4009661835748792,5.748792270531401
124,goncalo guedes,28,LW,11000000.0,WOL,Real Sociedad,4000000.0,25/26,23,POR,11.1,2.44,0.72,premier-league,2.71,0.72,0.1801801801801802,0.2882882882882883,2.4324324324324325,0.0,0.1801801801801802,0.6306306306306306,0.0,0.0900900900900901,23.333333333333336,95.4954954954955,0.3603603603603604,0.08108108108108109,1.2612612612612613,1.6216216216216217,1.5315315315315317,3.6036036036036037,22.52252252252252,3.6036036036036037,27.38738738738739,95.13513513513514,2.4324324324324325,0.7207207207207208,0.8108108108108109,1.3513513513513513,7.117117117117117
